"STATION","NAME","DATE","DAPR","MDPR","PRCP","SNOW","SNWD","TMAX","TMIN"
"USC00489905","YELLOWSTONE PARK MAMMOTH, WY US","2023-01-01",,,"0.01","0.5","10.0","32","11"
"USC00489905","YELLOWSTONE PARK MAMMOTH, WY US","2023-01-02",,,"0.00","0.0","10.0","28","8"
"USC00489905","YELLOWSTONE PARK MAMMOTH, WY US","2023-01-03",,,"0.00","0.0","10.0","28","6"
"USC00489905","YELLOWSTONE PARK MAMMOTH, WY US","2023-01-04",,,"0.00","0.0","10.0","27","13"
"USC00489905","YELLOWSTONE PARK MAMMOTH, WY US","2023-01-05",,,"0.00","0.0","10.0","25","13"
"USC00489905","YELLOWSTONE PARK MAMMOTH, WY US","2023-01-06",,,"0.04","0.4","10.0","31","19"
"USC00489905","YELLOWSTONE PARK MAMMOTH, WY US","2023-01-07",,,"0.00","0.0","10.0","38","24"
"USC00489905","YELLOWSTONE PARK MAMMOTH, WY US","2023-01-08",,,"0.00","0.0","10.0","37","12"
"USC00489905","YELLOWSTONE PARK MAMMOTH, WY US","2023-01-09",,,"0.00","0.0","11.0","38","16"
"USC00489905","YELLOWSTONE PARK MAMMOTH, WY US","2023-01-10",,,"0.00","0.3","11.0","36","27"
"USC00489905","YELLOWSTONE PARK MAMMOTH, WY US","2023-01-11",,,"0.15","3.5","13.0","39","23"
"USC00489905","YELLOWSTONE PARK MAMMOTH, WY US","2023-01-12",,,"0.01","1.0","15.0","36","24"
"USC00489905","YELLOWSTONE PARK MAMMOTH, WY US","2023-01-13",,,"0.00","0.0","14.0","37","26"
"USC00489905","YELLOWSTONE PARK MAMMOTH, WY US","2023-01-14",,,"0.00","0.0","12.0","44","31"
"USC00489905","YELLOWSTONE PARK MAMMOTH, WY US","2023-01-15",,,"0.01","0.0","13.0","39","27"
"USC00489905","YELLOWSTONE PARK MAMMOTH, WY US","2023-01-16",,,"0.13","2.0","15.0","32","25"
"USC00489905","YELLOWSTONE PARK MAMMOTH, WY US","2023-01-17",,,"0.00","0.0","15.0","33","2"
"USC00489905","YELLOWSTONE PARK MAMMOTH, WY US","2023-01-18",,,"0.00","0.0","14.0","27","3"
"USC00489905","YELLOWSTONE PARK MAMMOTH, WY US","2023-01-19",,,"0.01","0.5","14.0","27","5"
"USC00489905","YELLOWSTONE PARK MAMMOTH, WY US","2023-01-20",,,"0.00","0.0","14.0","32","12"
"USC00489905","YELLOWSTONE PARK MAMMOTH, WY US","2023-01-21",,,"0.00","0.0","14.0","25","7"
"USC00489905","YELLOWSTONE PARK MAMMOTH, WY US","2023-01-22",,,"0.00","0.0","13.0","26","7"
"USC00489905","YELLOWSTONE PARK MAMMOTH, WY US","2023-01-23",,,"0.00","0.0","13.0","24","10"
"USC00489905","YELLOWSTONE PARK MAMMOTH, WY US","2023-01-24",,,"0.00","0.0","13.0","29","6"
"USC00489905","YELLOWSTONE PARK MAMMOTH, WY US","2023-01-25",,,"0.05","1.0","14.0","23","7"
"USC00489905","YELLOWSTONE PARK MAMMOTH, WY US","2023-01-26",,,"0.10","0.5","15.0","23","7"
"USC00489905","YELLOWSTONE PARK MAMMOTH, WY US","2023-01-27",,,"0.05","1.0","15.0","26","17"
"USC00489905","YELLOWSTONE PARK MAMMOTH, WY US","2023-01-28",,,"0.20","3.0","17.0","27","9"
"USC00489905","YELLOWSTONE PARK MAMMOTH, WY US","2023-01-29",,,"0.00","0.0","17.0","12","-20"
"USC00489905","YELLOWSTONE PARK MAMMOTH, WY US","2023-01-30",,,"0.00","0.0","17.0","-5","-27"
"USC00489905","YELLOWSTONE PARK MAMMOTH, WY US","2023-01-31",,,"0.00","0.0","17.0","3","-27"
"USC00489905","YELLOWSTONE PARK MAMMOTH, WY US","2023-02-01",,,"0.00","0.0","17.0","10","-2"
"USC00489905","YELLOWSTONE PARK MAMMOTH, WY US","2023-02-02",,,"0.00","0.0","17.0","24","8"
"USC00489905","YELLOWSTONE PARK MAMMOTH, WY US","2023-02-03",,,"0.00","0.0","17.0","33","9"
"USC00489905","YELLOWSTONE PARK MAMMOTH, WY US","2023-02-04",,,"0.00","0.0","15.0","42","16"
"USC00489905","YELLOWSTONE PARK MAMMOTH, WY US","2023-02-05",,,"0.00","0.0","15.0","35","20"
"USC00489905","YELLOWSTONE PARK MAMMOTH, WY US","2023-02-06",,,"0.00","0.0","15.0","38","21"
"USC00489905","YELLOWSTONE PARK MAMMOTH, WY US","2023-02-07",,,"0.00","0.0","15.0","31","23"
"USC00489905","YELLOWSTONE PARK MAMMOTH, WY US","2023-02-08",,,"0.00","0.0","15.0","33","22"
"USC00489905","YELLOWSTONE PARK MAMMOTH, WY US","2023-02-09",,,"0.03","0.2","15.0","29","4"
"USC00489905","YELLOWSTONE PARK MAMMOTH, WY US","2023-02-10",,,"0.00","0.0","15.0","32","4"
"USC00489905","YELLOWSTONE PARK MAMMOTH, WY US","2023-02-11",,,"0.00","0.0","15.0","40","9"
"USC00489905","YELLOWSTONE PARK MAMMOTH, WY US","2023-02-12",,,"0.00","0.0","15.0","46","8"
"USC00489905","YELLOWSTONE PARK MAMMOTH, WY US","2023-02-13",,,"0.00","0.0","14.0","44","9"
"USC00489905","YELLOWSTONE PARK MAMMOTH, WY US","2023-02-14",,,"0.20","1.5","17.0","39","19"
"USC00489905","YELLOWSTONE PARK MAMMOTH, WY US","2023-02-15",,,"0.10","1.2","18.0","19","-5"
"USC00489905","YELLOWSTONE PARK MAMMOTH, WY US","2023-02-16",,,"0.00","0.0","18.0","22","-6"
"USC00489905","YELLOWSTONE PARK MAMMOTH, WY US","2023-02-17",,,"0.00","0.0","18.0","31","3"
"USC00489905","YELLOWSTONE PARK MAMMOTH, WY US","2023-02-18",,,"0.00","0.0","17.0","31","10"
"USC00489905","YELLOWSTONE PARK MAMMOTH, WY US","2023-02-19",,,"0.00","0.0","17.0","26","9"
"USC00489905","YELLOWSTONE PARK MAMMOTH, WY US","2023-02-20",,,"0.02","0.1","17.0","27","15"
"USC00489905","YELLOWSTONE PARK MAMMOTH, WY US","2023-02-21",,,"0.01","0.5","17.0","39","24"
"USC00489905","YELLOWSTONE PARK MAMMOTH, WY US","2023-02-22",,,"0.11","0.5","18.0","35","-8"
"USC00489905","YELLOWSTONE PARK MAMMOTH, WY US","2023-02-23",,,"0.01","0.3","18.0","16","-19"
"USC00489905","YELLOWSTONE PARK MAMMOTH, WY US","2023-02-24",,,"0.08","1.2","20.0","-4","-17"
"USC00489905","YELLOWSTONE PARK MAMMOTH, WY US","2023-02-25",,,"0.01","0.1","19.0","27","-7"
"USC00489905","YELLOWSTONE PARK MAMMOTH, WY US","2023-02-26",,,"0.00","0.0","19.0","31","22"
"USC00489905","YELLOWSTONE PARK MAMMOTH, WY US","2023-02-27",,,"0.02","0.2","18.0","43","19"
"USC00489905","YELLOWSTONE PARK MAMMOTH, WY US","2023-02-28",,,"0.05","1.5","19.0","28","16"
"USC00489905","YELLOWSTONE PARK MAMMOTH, WY US","2023-03-01",,,"0.00","0.0","18.0","23","11"
"USC00489905","YELLOWSTONE PARK MAMMOTH, WY US","2023-03-02",,,"0.01","0.5","19.0","31","8"
"USC00489905","YELLOWSTONE PARK MAMMOTH, WY US","2023-03-03",,,"0.00","0.0","18.0","29","14"
"USC00489905","YELLOWSTONE PARK MAMMOTH, WY US","2023-03-04",,,"0.00","0.0","18.0","29","9"
"USC00489905","YELLOWSTONE PARK MAMMOTH, WY US","2023-03-05",,,"0.23","3.0","20.0","30","13"
"USC00489905","YELLOWSTONE PARK MAMMOTH, WY US","2023-03-06",,,"0.12","2.0","22.0","29","9"
"USC00489905","YELLOWSTONE PARK MAMMOTH, WY US","2023-03-07",,,"0.00","0.0","21.0","28","6"
"USC00489905","YELLOWSTONE PARK MAMMOTH, WY US","2023-03-08",,,"0.00","0.0","21.0","32","1"
"USC00489905","YELLOWSTONE PARK MAMMOTH, WY US","2023-03-09",,,"0.20","1.7","22.0","31","4"
"USC00489905","YELLOWSTONE PARK MAMMOTH, WY US","2023-03-10",,,"0.08","1.0","23.0","29","9"
"USC00489905","YELLOWSTONE PARK MAMMOTH, WY US","2023-03-11",,,"0.25","0.7","23.0","37","14"
"USC00489905","YELLOWSTONE PARK MAMMOTH, WY US","2023-03-12",,,"0.00","0.0","23.0","32","5"
"USC00489905","YELLOWSTONE PARK MAMMOTH, WY US","2023-03-13",,,"0.00","0.0","23.0","39","6"
"USC00489905","YELLOWSTONE PARK MAMMOTH, WY US","2023-03-14",,,"0.00","0.0","21.0","41","24"
"USC00489905","YELLOWSTONE PARK MAMMOTH, WY US","2023-03-15",,,"0.24","0.0","18.0","43","33"
"USC00489905","YELLOWSTONE PARK MAMMOTH, WY US","2023-03-16",,,"0.16","0.3","19.0","43","7"
"USC00489905","YELLOWSTONE PARK MAMMOTH, WY US","2023-03-17",,,"0.00","0.0","19.0","32","-2"
"USC00489905","YELLOWSTONE PARK MAMMOTH, WY US","2023-03-18",,,"0.00","0.0","19.0","33","-2"
"USC00489905","YELLOWSTONE PARK MAMMOTH, WY US","2023-03-19",,,"0.00","0.0","19.0","42","4"
"USC00489905","YELLOWSTONE PARK MAMMOTH, WY US","2023-03-20",,,"0.00","0.0","19.0","42","14"
"USC00489905","YELLOWSTONE PARK MAMMOTH, WY US","2023-03-21",,,"0.00","0.0","19.0","41","20"
"USC00489905","YELLOWSTONE PARK MAMMOTH, WY US","2023-03-22",,,"0.00","0.0","18.0","41","12"
"USC00489905","YELLOWSTONE PARK MAMMOTH, WY US","2023-03-23",,,"0.02","0.0","18.0","37","16"
"USC00489905","YELLOWSTONE PARK MAMMOTH, WY US","2023-03-24",,,"0.00","0.0","18.0","40","18"
"USC00489905","YELLOWSTONE PARK MAMMOTH, WY US","2023-03-25",,,"0.17","2.0","20.0","36","17"
"USC00489905","YELLOWSTONE PARK MAMMOTH, WY US","2023-03-26",,,"0.05","0.5","20.0","27","13"
"USC00489905","YELLOWSTONE PARK MAMMOTH, WY US","2023-03-27",,,"0.06","0.8","20.0","30","8"
"USC00489905","YELLOWSTONE PARK MAMMOTH, WY US","2023-03-28",,,"0.00","0.0","20.0","32","11"
"USC00489905","YELLOWSTONE PARK MAMMOTH, WY US","2023-03-29",,,"0.00","0.0","20.0","36","14"
"USC00489905","YELLOWSTONE PARK MAMMOTH, WY US","2023-03-30",,,"0.21","2.2","22.0","40","17"
"USC00489905","YELLOWSTONE PARK MAMMOTH, WY US","2023-03-31",,,"0.00","0.0","21.0","41","19"
"USC00489905","YELLOWSTONE PARK MAMMOTH, WY US","2023-04-01",,,"0.03","0.5","20.0","41","21"
"USC00489905","YELLOWSTONE PARK MAMMOTH, WY US","2023-04-02",,,"0.13","1.2","23.0","41","12"
"USC00489905","YELLOWSTONE PARK MAMMOTH, WY US","2023-04-03",,,"0.00","0.0","21.0","38","5"
"USC00489905","YELLOWSTONE PARK MAMMOTH, WY US","2023-04-04",,,"0.00","0.0","20.0","39","5"
"USC00489905","YELLOWSTONE PARK MAMMOTH, WY US","2023-04-05",,,"0.00","0.0","20.0","27","5"
"USC00489905","YELLOWSTONE PARK MAMMOTH, WY US","2023-04-06",,,"0.00","0.0","20.0","34","6"
"USC00489905","YELLOWSTONE PARK MAMMOTH, WY US","2023-04-07",,,"0.00","0.0","19.0","53","18"
"USC00489905","YELLOWSTONE PARK MAMMOTH, WY US","2023-04-08",,,"0.00","0.0","2.0","55","27"
"USC00489905","YELLOWSTONE PARK MAMMOTH, WY US","2023-04-09",,,"0.00","0.0","2.0",,
"USC00489905","YELLOWSTONE PARK MAMMOTH, WY US","2023-04-10",,,"0.00","0.0","2.0","55","26"
"USC00489905","YELLOWSTONE PARK MAMMOTH, WY US","2023-04-11",,,"0.00","0.0","2.0","62","37"
"USC00489905","YELLOWSTONE PARK MAMMOTH, WY US","2023-04-12",,,"0.00","0.0","2.0","58","31"
"USC00489905","YELLOWSTONE PARK MAMMOTH, WY US","2023-04-13",,,"0.15","1.0","3.0","54","26"
"USC00489905","YELLOWSTONE PARK MAMMOTH, WY US","2023-04-15","    2","0.01",,"0.1","3.0","38","14"
"USC00489905","YELLOWSTONE PARK MAMMOTH, WY US","2023-04-16",,,"0.00","0.0","0.0","43","11"
"USC00489905","YELLOWSTONE PARK MAMMOTH, WY US","2023-04-17",,,"0.00","0.0","0.0","55","28"
"USC00489905","YELLOWSTONE PARK MAMMOTH, WY US","2023-04-18",,,"0.00","0.0","0.0","54","32"
"USC00489905","YELLOWSTONE PARK MAMMOTH, WY US","2023-04-19",,,"0.06","0.8","1.0","45","17"
"USC00489905","YELLOWSTONE PARK MAMMOTH, WY US","2023-04-20",,,"0.02","0.7","1.0","33","19"
"USC00489905","YELLOWSTONE PARK MAMMOTH, WY US","2023-04-25","    5","0.10",,"0.0","0.0","51","17"
"USC00489905","YELLOWSTONE PARK MAMMOTH, WY US","2023-04-26",,,"0.00","0.0","0.0","57","29"
"USC00489905","YELLOWSTONE PARK MAMMOTH, WY US","2023-04-27",,,"0.00","0.0","0.0","57","36"
"USC00489905","YELLOWSTONE PARK MAMMOTH, WY US","2023-04-28",,,"0.00","0.0","0.0","52","21"
"USC00489905","YELLOWSTONE PARK MAMMOTH, WY US","2023-04-29",,,"0.00","0.0","0.0","65","29"
"USC00489905","YELLOWSTONE PARK MAMMOTH, WY US","2023-04-30",,,"0.00","0.0","0.0","69","32"
"USC00489905","YELLOWSTONE PARK MAMMOTH, WY US","2023-05-01",,,"0.00","0.0","0.0","71","32"
"USC00489905","YELLOWSTONE PARK MAMMOTH, WY US","2023-05-02",,,"0.00","0.0","0.0","75","37"
"USC00489905","YELLOWSTONE PARK MAMMOTH, WY US","2023-05-03",,,"0.00","0.0","0.0","75","40"
"USC00489905","YELLOWSTONE PARK MAMMOTH, WY US","2023-05-04",,,"0.00","0.0","0.0","72","35"
"USC00489905","YELLOWSTONE PARK MAMMOTH, WY US","2023-05-05",,,"0.07","0.0","0.0","73","36"
"USC00489905","YELLOWSTONE PARK MAMMOTH, WY US","2023-05-06",,,"0.00","0.0","0.0","56","21"
"USC00489905","YELLOWSTONE PARK MAMMOTH, WY US","2023-05-07",,,"0.01","0.0","0.0","56","23"
"USC00489905","YELLOWSTONE PARK MAMMOTH, WY US","2023-05-08",,,"0.00","0.0","0.0","52","36"
"USC00489905","YELLOWSTONE PARK MAMMOTH, WY US","2023-05-09",,,"0.00","0.0","0.0","57","35"
"USC00489905","YELLOWSTONE PARK MAMMOTH, WY US","2023-05-10",,,"0.00","0.0","0.0","54","27"
"USC00489905","YELLOWSTONE PARK MAMMOTH, WY US","2023-05-11",,,"0.02","0.0","0.0","61","33"
"USC00489905","YELLOWSTONE PARK MAMMOTH, WY US","2023-05-12",,,"0.00","0.0","0.0","59","34"
"USC00489905","YELLOWSTONE PARK MAMMOTH, WY US","2023-05-13",,,"0.00","0.0","0.0","59","41"
"USC00489905","YELLOWSTONE PARK MAMMOTH, WY US","2023-05-14",,,"0.00","0.0","0.0","62","39"
"USC00489905","YELLOWSTONE PARK MAMMOTH, WY US","2023-05-15",,,"0.00","0.0","0.0","67","37"
"USC00489905","YELLOWSTONE PARK MAMMOTH, WY US","2023-05-16",,,"0.00","0.0","0.0","89","42"
"USC00489905","YELLOWSTONE PARK MAMMOTH, WY US","2023-05-17",,,"0.00","0.0","0.0","72","41"
"USC00489905","YELLOWSTONE PARK MAMMOTH, WY US","2023-05-18",,,"0.02","0.0","0.0","68","37"
"USC00489905","YELLOWSTONE PARK MAMMOTH, WY US","2023-05-19",,,"0.00","0.0","0.0","68","33"
"USC00489905","YELLOWSTONE PARK MAMMOTH, WY US","2023-05-20",,,"0.00","0.0","0.0","72","36"
"USC00489905","YELLOWSTONE PARK MAMMOTH, WY US","2023-05-21",,,"0.00","0.0","0.0","80","42"
"USC00489905","YELLOWSTONE PARK MAMMOTH, WY US","2023-05-22",,,"0.00","0.0","0.0","81","41"
"USC00489905","YELLOWSTONE PARK MAMMOTH, WY US","2023-05-23",,,"0.00","0.0","0.0","71","44"
"USC00489905","YELLOWSTONE PARK MAMMOTH, WY US","2023-05-24",,,"0.02","0.0","0.0","75","45"
"USC00489905","YELLOWSTONE PARK MAMMOTH, WY US","2023-05-25",,,"0.00","0.0","0.0","69","41"
"USC00489905","YELLOWSTONE PARK MAMMOTH, WY US","2023-05-26",,,"0.00","0.0","0.0","73","39"
"USC00489905","YELLOWSTONE PARK MAMMOTH, WY US","2023-05-27",,,"0.22","0.0","0.0","66","40"
"USC00489905","YELLOWSTONE PARK MAMMOTH, WY US","2023-05-28",,,"0.02","0.0","0.0","65","43"
"USC00489905","YELLOWSTONE PARK MAMMOTH, WY US","2023-05-29",,,"0.00","0.0","0.0","66","41"
"USC00489905","YELLOWSTONE PARK MAMMOTH, WY US","2023-05-30",,,"0.00","0.0","0.0","67","40"
"USC00489905","YELLOWSTONE PARK MAMMOTH, WY US","2023-05-31",,,"0.04","0.0","0.0","74","41"
"USC00489905","YELLOWSTONE PARK MAMMOTH, WY US","2023-06-01",,,"0.00","0.0","0.0","72","39"
"USC00489905","YELLOWSTONE PARK MAMMOTH, WY US","2023-06-02",,,"0.01","0.0","0.0","75","45"
"USC00489905","YELLOWSTONE PARK MAMMOTH, WY US","2023-06-03",,,"0.30","0.0","0.0","60","34"
"USC00489905","YELLOWSTONE PARK MAMMOTH, WY US","2023-06-04",,,"0.04","0.0","0.0","63","46"
"USC00489905","YELLOWSTONE PARK MAMMOTH, WY US","2023-06-05",,,"0.02","0.0","0.0","73","43"
"USC00489905","YELLOWSTONE PARK MAMMOTH, WY US","2023-06-06",,,"0.00","0.0","0.0","78","44"
"USC00489905","YELLOWSTONE PARK MAMMOTH, WY US","2023-06-07",,,"0.22","0.0","0.0","79","42"
"USC00489905","YELLOWSTONE PARK MAMMOTH, WY US","2023-06-08",,,"0.00","0.0","0.0","80","45"
"USC00489905","YELLOWSTONE PARK MAMMOTH, WY US","2023-06-09",,,"0.06","0.0","0.0","73","42"
"USC00489905","YELLOWSTONE PARK MAMMOTH, WY US","2023-06-10",,,"0.00","0.0","0.0","77","45"
"USC00489905","YELLOWSTONE PARK MAMMOTH, WY US","2023-06-11",,,"0.00","0.0","0.0","73","46"
"USC00489905","YELLOWSTONE PARK MAMMOTH, WY US","2023-06-12",,,"0.15","0.0","0.0","73","47"
"USC00489905","YELLOWSTONE PARK MAMMOTH, WY US","2023-06-13",,,"0.11","0.0","0.0","67","45"
"USC00489905","YELLOWSTONE PARK MAMMOTH, WY US","2023-06-14",,,"0.03","0.0","0.0","69","46"
"USC00489905","YELLOWSTONE PARK MAMMOTH, WY US","2023-06-15",,,"0.00","0.0","0.0","67","39"
"USC00489905","YELLOWSTONE PARK MAMMOTH, WY US","2023-06-16",,,"0.00","0.0","0.0","62","41"
"USC00489905","YELLOWSTONE PARK MAMMOTH, WY US","2023-06-17",,,"0.00","0.0","0.0","67","41"
"USC00489905","YELLOWSTONE PARK MAMMOTH, WY US","2023-06-18",,,"0.13","0.0","0.0","64","45"
"USC00489905","YELLOWSTONE PARK MAMMOTH, WY US","2023-06-19",,,"0.36","0.0","0.0","60","40"
"USC00489905","YELLOWSTONE PARK MAMMOTH, WY US","2023-06-20",,,"0.15","0.0","0.0","65","39"
"USC00489905","YELLOWSTONE PARK MAMMOTH, WY US","2023-06-21",,,"0.00","0.0","0.0","62","32"
"USC00489905","YELLOWSTONE PARK MAMMOTH, WY US","2023-06-22",,,"0.00","0.0","0.0","67","30"
"USC00489905","YELLOWSTONE PARK MAMMOTH, WY US","2023-06-23",,,"0.00","0.0","0.0","73","39"
"USC00489905","YELLOWSTONE PARK MAMMOTH, WY US","2023-06-24",,,"0.26","0.0","0.0","67","31"
"USC00489905","YELLOWSTONE PARK MAMMOTH, WY US","2023-06-25",,,"0.60","0.0","0.0","65","38"
"USC00489905","YELLOWSTONE PARK MAMMOTH, WY US","2023-06-26",,,"0.03","0.0","0.0","74","39"
"USC00489905","YELLOWSTONE PARK MAMMOTH, WY US","2023-06-27",,,"0.03","0.0","0.0","74","41"
"USC00489905","YELLOWSTONE PARK MAMMOTH, WY US","2023-06-28",,,"0.13","0.0","0.0","69","41"
"USC00489905","YELLOWSTONE PARK MAMMOTH, WY US","2023-06-29",,,"0.00","0.0","0.0","72","41"
"USC00489905","YELLOWSTONE PARK MAMMOTH, WY US","2023-06-30",,,"0.03","0.0","0.0","74","42"
"USC00489905","YELLOWSTONE PARK MAMMOTH, WY US","2023-07-01",,,"0.00","0.0","0.0","82","48"
"USC00489905","YELLOWSTONE PARK MAMMOTH, WY US","2023-07-02",,,"0.00","0.0","0.0",,
"USC00489905","YELLOWSTONE PARK MAMMOTH, WY US","2023-07-03",,,"0.34","0.0","0.0","81","42"
"USC00489905","YELLOWSTONE PARK MAMMOTH, WY US","2023-07-04",,,"0.24","0.0","0.0","83","39"
"USC00489905","YELLOWSTONE PARK MAMMOTH, WY US","2023-07-05",,,"0.00","0.0","0.0","82","37"
"USC00489905","YELLOWSTONE PARK MAMMOTH, WY US","2023-07-06",,,"0.00","0.0","0.0","73","43"
"USC00489905","YELLOWSTONE PARK MAMMOTH, WY US","2023-07-07",,,"0.02","0.0","0.0","78","40"
"USC00489905","YELLOWSTONE PARK MAMMOTH, WY US","2023-07-08",,,"0.00","0.0","0.0","76","42"
"USC00489905","YELLOWSTONE PARK MAMMOTH, WY US","2023-07-09",,,"0.23","0.0","0.0","77","46"
"USC00489905","YELLOWSTONE PARK MAMMOTH, WY US","2023-07-10",,,"0.10","0.0","0.0","84","44"
"USC00489905","YELLOWSTONE PARK MAMMOTH, WY US","2023-07-11",,,"0.00","0.0","0.0","86","48"
"USC00489905","YELLOWSTONE PARK MAMMOTH, WY US","2023-07-12",,,"0.00","0.0","0.0","83","45"
"USC00489905","YELLOWSTONE PARK MAMMOTH, WY US","2023-07-13",,,"0.00","0.0","0.0","84","45"
"USC00489905","YELLOWSTONE PARK MAMMOTH, WY US","2023-07-14",,,"0.02","0.0","0.0","78","45"
"USC00489905","YELLOWSTONE PARK MAMMOTH, WY US","2023-07-15",,,"0.00","0.0","0.0","76","43"
"USC00489905","YELLOWSTONE PARK MAMMOTH, WY US","2023-07-16",,,"0.00","0.0","0.0","83","47"
"USC00489905","YELLOWSTONE PARK MAMMOTH, WY US","2023-07-17",,,"0.00","0.0","0.0","90","50"
"USC00489905","YELLOWSTONE PARK MAMMOTH, WY US","2023-07-18",,,"0.00","0.0","0.0","84","51"
"USC00489905","YELLOWSTONE PARK MAMMOTH, WY US","2023-07-19",,,"0.00","0.0","0.0","86","45"
"USC00489905","YELLOWSTONE PARK MAMMOTH, WY US","2023-07-20",,,"0.00","0.0","0.0","84","49"
"USC00489905","YELLOWSTONE PARK MAMMOTH, WY US","2023-07-21",,,"0.03","0.0","0.0","84","46"
"USC00489905","YELLOWSTONE PARK MAMMOTH, WY US","2023-07-22",,,"0.00","0.0","0.0","88","51"
"USC00489905","YELLOWSTONE PARK MAMMOTH, WY US","2023-07-23",,,"0.00","0.0","0.0","92","53"
"USC00489905","YELLOWSTONE PARK MAMMOTH, WY US","2023-07-24",,,"0.01","0.0","0.0","95","55"
"USC00489905","YELLOWSTONE PARK MAMMOTH, WY US","2023-07-25",,,"0.02","0.0","0.0","89","56"
"USC00489905","YELLOWSTONE PARK MAMMOTH, WY US","2023-07-26",,,"0.00","0.0","0.0","82","49"
"USC00489905","YELLOWSTONE PARK MAMMOTH, WY US","2023-07-27",,,"0.00","0.0","0.0","86","48"
"USC00489905","YELLOWSTONE PARK MAMMOTH, WY US","2023-07-28",,,"0.00","0.0","0.0","86","47"
"USC00489905","YELLOWSTONE PARK MAMMOTH, WY US","2023-07-29",,,"0.00","0.0","0.0","86","45"
"USC00489905","YELLOWSTONE PARK MAMMOTH, WY US","2023-07-30",,,"0.00","0.0","0.0","92","54"
"USC00489905","YELLOWSTONE PARK MAMMOTH, WY US","2023-07-31",,,"0.00","0.0","0.0","91","49"
"USC00489905","YELLOWSTONE PARK MAMMOTH, WY US","2023-08-01",,,"0.00","0.0","0.0","86","56"
"USC00489905","YELLOWSTONE PARK MAMMOTH, WY US","2023-08-02",,,"0.00","0.0","0.0","88","58"
"USC00489905","YELLOWSTONE PARK MAMMOTH, WY US","2023-08-03",,,"0.10","0.0","0.0","79","50"
"USC00489905","YELLOWSTONE PARK MAMMOTH, WY US","2023-08-04",,,"0.43","0.0","0.0","63","52"
"USC00489905","YELLOWSTONE PARK MAMMOTH, WY US","2023-08-05",,,"0.25","0.0","0.0","67","48"
"USC00489905","YELLOWSTONE PARK MAMMOTH, WY US","2023-08-06",,,"0.37","0.0","0.0","68","46"
"USC00489905","YELLOWSTONE PARK MAMMOTH, WY US","2023-08-07",,,"0.27","0.0","0.0","72","42"
"USC00489905","YELLOWSTONE PARK MAMMOTH, WY US","2023-08-08",,,"0.00","0.0","0.0","70","45"
"USC00489905","YELLOWSTONE PARK MAMMOTH, WY US","2023-08-09",,,"0.05","0.0","0.0","72","44"
"USC00489905","YELLOWSTONE PARK MAMMOTH, WY US","2023-08-10",,,"0.12","0.0","0.0","79","46"
"USC00489905","YELLOWSTONE PARK MAMMOTH, WY US","2023-08-11",,,"0.00","0.0","0.0","79","44"
"USC00489905","YELLOWSTONE PARK MAMMOTH, WY US","2023-08-13",,,"0.00","0.0","0.0","84","46"
"USC00489905","YELLOWSTONE PARK MAMMOTH, WY US","2023-08-14",,,"0.00","0.0","0.0","73","40"
"USC00489905","YELLOWSTONE PARK MAMMOTH, WY US","2023-08-15",,,"0.00","0.0","0.0","86","47"
"USC00489905","YELLOWSTONE PARK MAMMOTH, WY US","2023-08-16",,,"0.00","0.0","0.0","92","50"
"USC00489905","YELLOWSTONE PARK MAMMOTH, WY US","2023-08-17",,,"0.00","0.0","0.0","91","50"
"USC00489905","YELLOWSTONE PARK MAMMOTH, WY US","2023-08-18",,,"0.00","0.0","0.0","92","56"
"USC00489905","YELLOWSTONE PARK MAMMOTH, WY US","2023-08-19",,,"0.09","0.0","0.0","82","50"
"USC00489905","YELLOWSTONE PARK MAMMOTH, WY US","2023-08-20",,,"0.14","0.0","0.0","81","49"
"USC00489905","YELLOWSTONE PARK MAMMOTH, WY US","2023-08-21",,,"0.72","0.0","0.0","61","50"
"USC00489905","YELLOWSTONE PARK MAMMOTH, WY US","2023-08-22",,,"0.32","0.0","0.0","76","54"
"USC00489905","YELLOWSTONE PARK MAMMOTH, WY US","2023-08-23",,,"0.09","0.0","0.0","72","52"
"USC00489905","YELLOWSTONE PARK MAMMOTH, WY US","2023-08-24",,,"0.00","0.0","0.0","74","47"
"USC00489905","YELLOWSTONE PARK MAMMOTH, WY US","2023-08-25",,,"0.00","0.0","0.0","82","45"
"USC00489905","YELLOWSTONE PARK MAMMOTH, WY US","2023-08-26",,,"0.05","0.0","0.0","81","47"
"USC00489905","YELLOWSTONE PARK MAMMOTH, WY US","2023-08-27",,,"0.00","0.0","0.0","79","50"
"USC00489905","YELLOWSTONE PARK MAMMOTH, WY US","2023-08-28",,,"0.29","0.0","0.0","74","43"
"USC00489905","YELLOWSTONE PARK MAMMOTH, WY US","2023-08-29",,,"0.00","0.0","0.0","80","45"
"USC00489905","YELLOWSTONE PARK MAMMOTH, WY US","2023-08-30",,,"0.00","0.0","0.0","84","49"
"USC00489905","YELLOWSTONE PARK MAMMOTH, WY US","2023-08-31",,,"0.00","0.0","0.0","84","44"
"USC00489905","YELLOWSTONE PARK MAMMOTH, WY US","2023-09-01",,,"0.00","0.0","0.0","74","43"
"USC00489905","YELLOWSTONE PARK MAMMOTH, WY US","2023-09-02",,,"0.01","0.0","0.0","82","47"
"USC00489905","YELLOWSTONE PARK MAMMOTH, WY US","2023-09-03",,,"0.00","0.0","0.0","76","48"
"USC00489905","YELLOWSTONE PARK MAMMOTH, WY US","2023-09-04",,,"0.29","0.0","0.0","68","48"
"USC00489905","YELLOWSTONE PARK MAMMOTH, WY US","2023-09-05",,,"0.56","0.0","0.0","61","44"
"USC00489905","YELLOWSTONE PARK MAMMOTH, WY US","2023-09-06",,,"0.01","0.0","0.0","67","43"
"USC00489905","YELLOWSTONE PARK MAMMOTH, WY US","2023-09-07",,,"0.00","0.0","0.0","72","46"
"USC00489905","YELLOWSTONE PARK MAMMOTH, WY US","2023-09-08",,,"0.01","0.0","0.0","74","46"
"USC00489905","YELLOWSTONE PARK MAMMOTH, WY US","2023-09-09",,,"0.00","0.0","0.0","77","41"
"USC00489905","YELLOWSTONE PARK MAMMOTH, WY US","2023-09-10",,,"0.01","0.0","0.0","70","42"
"USC00489905","YELLOWSTONE PARK MAMMOTH, WY US","2023-09-11",,,"0.00","0.0","0.0","71","38"
"USC00489905","YELLOWSTONE PARK MAMMOTH, WY US","2023-09-12",,,"0.00","0.0","0.0","75","41"
"USC00489905","YELLOWSTONE PARK MAMMOTH, WY US","2023-09-13",,,"0.00","0.0","0.0","78","45"
"USC00489905","YELLOWSTONE PARK MAMMOTH, WY US","2023-09-14",,,"0.10","0.0","0.0","69","41"
"USC00489905","YELLOWSTONE PARK MAMMOTH, WY US","2023-09-15",,,"0.00","0.0","0.0","68","36"
"USC00489905","YELLOWSTONE PARK MAMMOTH, WY US","2023-09-16",,,"0.00","0.0","0.0","73","38"
"USC00489905","YELLOWSTONE PARK MAMMOTH, WY US","2023-09-17",,,"0.00","0.0","0.0","76","40"
"USC00489905","YELLOWSTONE PARK MAMMOTH, WY US","2023-09-18",,,"0.00","0.0","0.0","77","43"
"USC00489905","YELLOWSTONE PARK MAMMOTH, WY US","2023-09-19",,,"0.00","0.0","0.0","77","40"
"USC00489905","YELLOWSTONE PARK MAMMOTH, WY US","2023-09-20",,,"0.02","0.0","0.0","72","36"
"USC00489905","YELLOWSTONE PARK MAMMOTH, WY US","2023-09-21",,,"0.32","0.0","0.0","67","38"
"USC00489905","YELLOWSTONE PARK MAMMOTH, WY US","2023-09-22",,,"0.55","0.0","0.0","55","38"
"USC00489905","YELLOWSTONE PARK MAMMOTH, WY US","2023-09-23",,,"0.12","0.0","0.0","52","37"
"USC00489905","YELLOWSTONE PARK MAMMOTH, WY US","2023-09-24",,,"0.03","0.0","0.0","54","32"
"USC00489905","YELLOWSTONE PARK MAMMOTH, WY US","2023-09-25",,,"0.00","0.0","0.0","62","34"
"USC00489905","YELLOWSTONE PARK MAMMOTH, WY US","2023-09-26",,,"0.00","0.0","0.0","74","38"
"USC00489905","YELLOWSTONE PARK MAMMOTH, WY US","2023-09-27",,,"0.00","0.0","0.0","74","39"
"USC00489905","YELLOWSTONE PARK MAMMOTH, WY US","2023-09-28",,,"0.00","0.0","0.0","70","34"
"USC00489905","YELLOWSTONE PARK MAMMOTH, WY US","2023-09-29",,,"0.00","0.0","0.0","61","35"
"USC00489905","YELLOWSTONE PARK MAMMOTH, WY US","2023-09-30",,,"0.00","0.0","0.0","62","36"
"USC00489905","YELLOWSTONE PARK MAMMOTH, WY US","2023-10-01",,,"0.00","0.0","0.0","64","35"
"USC00489905","YELLOWSTONE PARK MAMMOTH, WY US","2023-10-02",,,"0.18","0.0","0.0","49","31"
"USC00489905","YELLOWSTONE PARK MAMMOTH, WY US","2023-10-03",,,"0.19","0.0","0.0","52","34"
"USC00489905","YELLOWSTONE PARK MAMMOTH, WY US","2023-10-04",,,"0.11","0.0","0.0","51","36"
"USC00489905","YELLOWSTONE PARK MAMMOTH, WY US","2023-10-05",,,"0.00","0.0","0.0","52","34"
"USC00489905","YELLOWSTONE PARK MAMMOTH, WY US","2023-10-06",,,"0.00","0.0","0.0","54","35"
"USC00489905","YELLOWSTONE PARK MAMMOTH, WY US","2023-10-07",,,"0.00","0.0","0.0","62","34"
"USC00489905","YELLOWSTONE PARK MAMMOTH, WY US","2023-10-08",,,"0.00","0.0","0.0",,
"USC00489905","YELLOWSTONE PARK MAMMOTH, WY US","2023-10-09",,,"0.00","0.0","0.0","73","33"
"USC00489905","YELLOWSTONE PARK MAMMOTH, WY US","2023-10-10",,,"0.00","0.0","0.0","73","37"
"USC00489905","YELLOWSTONE PARK MAMMOTH, WY US","2023-10-11",,,"0.14","0.0","0.0","69","36"
"USC00489905","YELLOWSTONE PARK MAMMOTH, WY US","2023-10-12",,,"0.16","0.0","0.0","48","36"
"USC00489905","YELLOWSTONE PARK MAMMOTH, WY US","2023-10-13",,,"0.01","0.0","0.0","46","36"
"USC00489905","YELLOWSTONE PARK MAMMOTH, WY US","2023-10-14",,,"0.00","0.0","0.0","50","35"
"USC00489905","YELLOWSTONE PARK MAMMOTH, WY US","2023-10-15",,,"0.00","0.0","0.0","55","34"
"USC00489905","YELLOWSTONE PARK MAMMOTH, WY US","2023-10-16",,,"0.00","0.0","0.0","65","35"
"USC00489905","YELLOWSTONE PARK MAMMOTH, WY US","2023-10-17",,,"0.00","0.0","0.0","70","36"
"USC00489905","YELLOWSTONE PARK MAMMOTH, WY US","2023-10-18",,,"0.00","0.0","0.0","67","32"
"USC00489905","YELLOWSTONE PARK MAMMOTH, WY US","2023-10-19",,,"0.00","0.0","0.0","68","32"
"USC00489905","YELLOWSTONE PARK MAMMOTH, WY US","2023-10-20",,,"0.00","0.0","0.0","70","36"
"USC00489905","YELLOWSTONE PARK MAMMOTH, WY US","2023-10-21",,,"0.00","0.0","0.0","72","35"
"USC00489905","YELLOWSTONE PARK MAMMOTH, WY US","2023-10-22",,,"0.00","0.0","0.0","70","35"
"USC00489905","YELLOWSTONE PARK MAMMOTH, WY US","2023-10-23",,,"0.15","0.0","0.0","67","36"
"USC00489905","YELLOWSTONE PARK MAMMOTH, WY US","2023-10-24",,,"0.19","0.0","0.0","50","31"
"USC00489905","YELLOWSTONE PARK MAMMOTH, WY US","2023-10-25",,,"0.13","0.0","0.0","50","29"
"USC00489905","YELLOWSTONE PARK MAMMOTH, WY US","2023-10-26",,,"0.96","9.5","10.0","30","7"
"USC00489905","YELLOWSTONE PARK MAMMOTH, WY US","2023-10-27",,,"0.14","2.0","12.0","23","2"
"USC00489905","YELLOWSTONE PARK MAMMOTH, WY US","2023-10-28",,,"0.14","2.0","13.0","28","2"
"USC00489905","YELLOWSTONE PARK MAMMOTH, WY US","2023-10-29",,,"0.00","0.0","11.0","24","2"
"USC00489905","YELLOWSTONE PARK MAMMOTH, WY US","2023-10-30",,,"0.00","0.0","9.0","32","2"
"USC00489905","YELLOWSTONE PARK MAMMOTH, WY US","2023-10-31",,,"0.00","0.0","9.0","38","3"
"USC00489905","YELLOWSTONE PARK MAMMOTH, WY US","2023-11-01",,,"0.00","0.0","8.0","43","14"
"USC00489905","YELLOWSTONE PARK MAMMOTH, WY US","2023-11-02",,,"0.00","0.0","5.0","48","21"
"USC00489905","YELLOWSTONE PARK MAMMOTH, WY US","2023-11-03",,,"0.01","0.0","3.0","42","21"
"USC00489905","YELLOWSTONE PARK MAMMOTH, WY US","2023-11-04",,,"0.00","0.0","2.0","50","16"
"USC00489905","YELLOWSTONE PARK MAMMOTH, WY US","2023-11-05",,,"0.12","0.0","0.0","48","23"
"USC00489905","YELLOWSTONE PARK MAMMOTH, WY US","2023-11-06",,,"0.01","0.0","0.0","49","35"
"USC00489905","YELLOWSTONE PARK MAMMOTH, WY US","2023-11-07",,,"0.15","0.0","0.0","47","27"
"USC00489905","YELLOWSTONE PARK MAMMOTH, WY US","2023-11-08",,,"0.00","0.0","0.0","46","25"
"USC00489905","YELLOWSTONE PARK MAMMOTH, WY US","2023-11-09",,,"0.00","0.0","0.0","42","19"
"USC00489905","YELLOWSTONE PARK MAMMOTH, WY US","2023-11-10",,,"0.00","0.0","0.0","39","11"
"USC00489905","YELLOWSTONE PARK MAMMOTH, WY US","2023-11-11",,,"0.00","0.0","0.0","40","25"
"USC00489905","YELLOWSTONE PARK MAMMOTH, WY US","2023-11-12",,,"0.00","0.0","0.0","41","18"
"USC00489905","YELLOWSTONE PARK MAMMOTH, WY US","2023-11-13",,,"0.00","0.0","0.0","50","11"
"USC00489905","YELLOWSTONE PARK MAMMOTH, WY US","2023-11-14",,,"0.00","0.0","0.0","56","21"
"USC00489905","YELLOWSTONE PARK MAMMOTH, WY US","2023-11-15",,,"0.00","0.0","0.0","52","34"
"USC00489905","YELLOWSTONE PARK MAMMOTH, WY US","2023-11-16",,,"0.00","0.0","0.0","53","37"
"USC00489905","YELLOWSTONE PARK MAMMOTH, WY US","2023-11-17",,,"0.00","0.0","0.0","54","28"
"USC00489905","YELLOWSTONE PARK MAMMOTH, WY US","2023-11-18",,,"0.00","0.0","0.0","50","25"
"USC00489905","YELLOWSTONE PARK MAMMOTH, WY US","2023-11-19",,,"0.00","0.0","0.0","51","27"
"USC00489905","YELLOWSTONE PARK MAMMOTH, WY US","2023-11-20",,,"0.05","0.0","0.0","48","27"
"USC00489905","YELLOWSTONE PARK MAMMOTH, WY US","2023-11-21",,,"0.00","0.0","0.0","39","18"
"USC00489905","YELLOWSTONE PARK MAMMOTH, WY US","2023-11-22",,,"0.00","0.0","0.0","46","20"
"USC00489905","YELLOWSTONE PARK MAMMOTH, WY US","2023-11-23",,,"0.00","0.0","0.0","42","27"
"USC00489905","YELLOWSTONE PARK MAMMOTH, WY US","2023-11-24",,,"0.01","0.1","0.0","30","10"
"USC00489905","YELLOWSTONE PARK MAMMOTH, WY US","2023-11-25",,,"0.00","0.0","0.0","20","9"
"USC00489905","YELLOWSTONE PARK MAMMOTH, WY US","2023-11-26",,,"0.00","0.0","0.0","28","10"
"USC00489905","YELLOWSTONE PARK MAMMOTH, WY US","2023-11-27",,,"0.00","0.0","0.0","35","13"
"USC00489905","YELLOWSTONE PARK MAMMOTH, WY US","2023-11-28",,,"0.00","0.0","0.0","36","12"
"USC00489905","YELLOWSTONE PARK MAMMOTH, WY US","2023-11-29",,,"0.00","0.0","0.0","44","13"
"USC00489905","YELLOWSTONE PARK MAMMOTH, WY US","2023-11-30",,,"0.00","0.0","0.0","44","14"
"USC00489905","YELLOWSTONE PARK MAMMOTH, WY US","2023-12-01",,,"0.00","0.0","0.0","34","14"
"USC00489905","YELLOWSTONE PARK MAMMOTH, WY US","2023-12-02",,,"0.00","0.0","0.0","33","18"
"USC00489905","YELLOWSTONE PARK MAMMOTH, WY US","2023-12-03",,,"0.25","0.8","1.0","29","17"
"USC00489905","YELLOWSTONE PARK MAMMOTH, WY US","2023-12-04",,,"0.04","1.1","1.0","36","17"
"USC00489905","YELLOWSTONE PARK MAMMOTH, WY US","2023-12-05",,,"0.00","0.0","0.0","45","33"
"USC00489905","YELLOWSTONE PARK MAMMOTH, WY US","2023-12-06",,,"0.00","0.0","0.0","44","34"
"USC00489905","YELLOWSTONE PARK MAMMOTH, WY US","2023-12-07",,,"0.00","0.0","0.0","49","31"
"USC00489905","YELLOWSTONE PARK MAMMOTH, WY US","2023-12-08",,,"0.00","0.0","0.0","39","22"
"USC00489905","YELLOWSTONE PARK MAMMOTH, WY US","2023-12-09",,,"0.00","0.1","0.0","30","12"
"USC00489905","YELLOWSTONE PARK MAMMOTH, WY US","2023-12-10",,,"0.00","0.0","0.0","27","11"
"USC00489905","YELLOWSTONE PARK MAMMOTH, WY US","2023-12-11",,,"0.00","0.0","0.0","28","20"
"USC00489905","YELLOWSTONE PARK MAMMOTH, WY US","2023-12-12",,,"0.00","0.0","0.0","38","15"
"USC00489905","YELLOWSTONE PARK MAMMOTH, WY US","2023-12-13",,,"0.00","0.0","0.0","33","7"
"USC00489905","YELLOWSTONE PARK MAMMOTH, WY US","2023-12-14",,,"0.00","0.0","0.0","35","8"
"USC00489905","YELLOWSTONE PARK MAMMOTH, WY US","2023-12-15",,,"0.00","0.0","0.0","41","13"
"USC00489905","YELLOWSTONE PARK MAMMOTH, WY US","2023-12-16",,,"0.00","0.0","0.0","37","16"
"USC00489905","YELLOWSTONE PARK MAMMOTH, WY US","2023-12-17",,,"0.00","0.0","0.0","42","18"
"USC00489905","YELLOWSTONE PARK MAMMOTH, WY US","2023-12-18",,,"0.00","0.0","0.0","43","16"
"USC00489905","YELLOWSTONE PARK MAMMOTH, WY US","2023-12-19",,,"0.00","0.0","0.0","43","19"
"USC00489905","YELLOWSTONE PARK MAMMOTH, WY US","2023-12-20",,,"0.00","0.0","0.0","49","28"
"USC00489905","YELLOWSTONE PARK MAMMOTH, WY US","2023-12-21",,,"0.00","0.0","0.0","46","29"
"USC00489905","YELLOWSTONE PARK MAMMOTH, WY US","2023-12-22",,,"0.00","0.0","0.0","49","29"
"USC00489905","YELLOWSTONE PARK MAMMOTH, WY US","2023-12-23",,,"0.15","0.8","0.0","46","27"
"USC00489905","YELLOWSTONE PARK MAMMOTH, WY US","2023-12-24",,,"0.03","0.2","1.0","28","11"
"USC00489905","YELLOWSTONE PARK MAMMOTH, WY US","2023-12-25",,,"0.00","0.0","0.0","29","-2"
"USC00489905","YELLOWSTONE PARK MAMMOTH, WY US","2023-12-26",,,"0.00","0.0","0.0","26","-1"
"USC00489905","YELLOWSTONE PARK MAMMOTH, WY US","2023-12-27",,,"0.00","0.0","0.0","28","2"
"USC00489905","YELLOWSTONE PARK MAMMOTH, WY US","2023-12-28",,,"0.00","0.0","0.0","34","11"
"USC00489905","YELLOWSTONE PARK MAMMOTH, WY US","2023-12-29",,,"0.00","0.0","0.0","41","16"
"USC00489905","YELLOWSTONE PARK MAMMOTH, WY US","2023-12-30",,,"0.00","0.0","0.0","43","17"
"USC00489905","YELLOWSTONE PARK MAMMOTH, WY US","2023-12-31",,,"0.00","0.0","0.0","44","19"
"USC00489905","YELLOWSTONE PARK MAMMOTH, WY US","2024-01-01",,,"0.00","0.0","1.0","42","15"
"USC00489905","YELLOWSTONE PARK MAMMOTH, WY US","2024-01-02",,,"0.00","0.0","0.0","34","14"
"USC00489905","YELLOWSTONE PARK MAMMOTH, WY US","2024-01-03",,,"0.00","0.0","0.0","39","12"
"USC00489905","YELLOWSTONE PARK MAMMOTH, WY US","2024-01-04",,,"0.00","0.0","0.0","36","13"
"USC00489905","YELLOWSTONE PARK MAMMOTH, WY US","2024-01-05",,,"0.00","0.0","0.0","29","17"
"USC00489905","YELLOWSTONE PARK MAMMOTH, WY US","2024-01-06",,,"0.00","0.0","0.0","31","12"
"USC00489905","YELLOWSTONE PARK MAMMOTH, WY US","2024-01-07",,,"0.00","0.5","1.0","26","10"
"USC00489905","YELLOWSTONE PARK MAMMOTH, WY US","2024-01-08",,,"0.00","0.0","0.0","27","1"
"USC00489905","YELLOWSTONE PARK MAMMOTH, WY US","2024-01-09",,,"0.00","0.1","0.0","22","1"
"USC00489905","YELLOWSTONE PARK MAMMOTH, WY US","2024-01-10",,,"0.02","0.4","1.0","26","15"
"USC00489905","YELLOWSTONE PARK MAMMOTH, WY US","2024-01-11",,,"0.00","0.1","1.0","22","4"
"USC00489905","YELLOWSTONE PARK MAMMOTH, WY US","2024-01-12",,,"0.04","0.5","2.0","19","-17"
"USC00489905","YELLOWSTONE PARK MAMMOTH, WY US","2024-01-13",,,"0.00","0.0","2.0","-8","-31"
"USC00489905","YELLOWSTONE PARK MAMMOTH, WY US","2024-01-14",,,"0.00","0.0","2.0","1","-29"
"USC00489905","YELLOWSTONE PARK MAMMOTH, WY US","2024-01-15",,,"0.45","0.5","2.0","9","-21"
"USC00489905","YELLOWSTONE PARK MAMMOTH, WY US","2024-01-16",,,"0.00","0.0","3.0","7","-21"
"USC00489905","YELLOWSTONE PARK MAMMOTH, WY US","2024-01-17",,,"0.00","0.1","3.0","22","-3"
"USC00489905","YELLOWSTONE PARK MAMMOTH, WY US","2024-01-18",,,"0.00","0.5","3.0","31","5"
"USC00489905","YELLOWSTONE PARK MAMMOTH, WY US","2024-01-19",,,"0.00","0.0","3.0","18","-1"
"USC00489905","YELLOWSTONE PARK MAMMOTH, WY US","2024-01-20",,,"0.00","0.0","3.0","36","11"
"USC00489905","YELLOWSTONE PARK MAMMOTH, WY US","2024-01-21",,,"0.00","0.0","0.0","46","29"
"USC00489905","YELLOWSTONE PARK MAMMOTH, WY US","2024-01-22",,,"0.00","0.0","0.0","44","30"
"USC00489905","YELLOWSTONE PARK MAMMOTH, WY US","2024-01-23",,,"0.00","0.0","0.0","40","31"
"USC00489905","YELLOWSTONE PARK MAMMOTH, WY US","2024-01-24",,,"0.00","0.0","0.0","42","28"
"USC00489905","YELLOWSTONE PARK MAMMOTH, WY US","2024-01-25",,,"0.02","0.1","0.0","38","26"
"USC00489905","YELLOWSTONE PARK MAMMOTH, WY US","2024-01-26",,,"0.11","2.7","3.0","40","19"
"USC00489905","YELLOWSTONE PARK MAMMOTH, WY US","2024-01-27",,,"0.00","0.0","2.0","36","20"
"USC00489905","YELLOWSTONE PARK MAMMOTH, WY US","2024-01-28",,,"0.00","0.0","2.0","35","27"
"USC00489905","YELLOWSTONE PARK MAMMOTH, WY US","2024-01-29",,,"0.00","0.0","0.0","44","30"
"USC00489905","YELLOWSTONE PARK MAMMOTH, WY US","2024-01-30",,,"0.00","0.0","0.0","49","25"
"USC00489905","YELLOWSTONE PARK MAMMOTH, WY US","2024-01-31",,,"0.00","0.0","0.0","55","25"
"USC00489905","YELLOWSTONE PARK MAMMOTH, WY US","2024-02-01",,,"0.00","0.0","0.0","55","24"
"USC00489905","YELLOWSTONE PARK MAMMOTH, WY US","2024-02-02",,,"0.00","0.0","0.0","52","25"
"USC00489905","YELLOWSTONE PARK MAMMOTH, WY US","2024-02-03",,,"0.04","0.2","0.0","44","29"
"USC00489905","YELLOWSTONE PARK MAMMOTH, WY US","2024-02-04",,,"0.64","2.5","3.0","37","19"
"USC00489905","YELLOWSTONE PARK MAMMOTH, WY US","2024-02-05",,,"0.02","0.5","2.0","35","17"
"USC00489905","YELLOWSTONE PARK MAMMOTH, WY US","2024-02-06",,,"0.07","2.0","4.0","41","25"
"USC00489905","YELLOWSTONE PARK MAMMOTH, WY US","2024-02-07",,,"0.11","3.2","6.0","40","27"
"USC00489905","YELLOWSTONE PARK MAMMOTH, WY US","2024-02-08",,,"0.00","0.0","3.0","43","25"
"USC00489905","YELLOWSTONE PARK MAMMOTH, WY US","2024-02-09",,,"0.00","0.0","3.0","36","19"
"USC00489905","YELLOWSTONE PARK MAMMOTH, WY US","2024-02-10",,,"0.01","0.5","4.0","31","13"
"USC00489905","YELLOWSTONE PARK MAMMOTH, WY US","2024-02-11",,,"0.00","0.0","4.0","31","12"
"USC00489905","YELLOWSTONE PARK MAMMOTH, WY US","2024-02-12",,,"0.00","0.0","4.0","34","17"
"USC00489905","YELLOWSTONE PARK MAMMOTH, WY US","2024-02-13",,,"0.00","0.0","4.0","32","15"
"USC00489905","YELLOWSTONE PARK MAMMOTH, WY US","2024-02-14",,,"0.00","0.0","4.0","37","12"
"USC00489905","YELLOWSTONE PARK MAMMOTH, WY US","2024-02-15",,,"0.33","4.9","9.0","37","9"
"USC00489905","YELLOWSTONE PARK MAMMOTH, WY US","2024-02-16",,,"0.19","2.0","11.0","20","3"
"USC00489905","YELLOWSTONE PARK MAMMOTH, WY US","2024-02-17",,,"0.00","0.0","10.0","11","-8"
"USC00489905","YELLOWSTONE PARK MAMMOTH, WY US","2024-02-18",,,"0.00","0.0","9.0","32","-2"
"USC00489905","YELLOWSTONE PARK MAMMOTH, WY US","2024-02-19",,,"0.00","0.0","8.0","35","9"
"USC00489905","YELLOWSTONE PARK MAMMOTH, WY US","2024-02-20",,,"0.00","0.0","7.0","42","21"
"USC00489905","YELLOWSTONE PARK MAMMOTH, WY US","2024-02-21",,,"0.00","0.0","5.0","43","24"
"USC00489905","YELLOWSTONE PARK MAMMOTH, WY US","2024-02-22",,,"0.00","0.0","5.0","45","23"
"USC00489905","YELLOWSTONE PARK MAMMOTH, WY US","2024-02-23",,,"0.03","0.4","5.0","43","20"
"USC00489905","YELLOWSTONE PARK MAMMOTH, WY US","2024-02-24",,,"0.00","0.0","5.0","40","22"
"USC00489905","YELLOWSTONE PARK MAMMOTH, WY US","2024-02-25",,,"0.00","0.0","5.0","38","27"
"USC00489905","YELLOWSTONE PARK MAMMOTH, WY US","2024-02-26",,,"0.00","0.0","5.0","39","32"
"USC00489905","YELLOWSTONE PARK MAMMOTH, WY US","2024-02-27",,,"0.37","5.0","10.0","36","3"
"USC00489905","YELLOWSTONE PARK MAMMOTH, WY US","2024-02-28",,,"0.00","0.0","9.0","25","4"
"USC00489905","YELLOWSTONE PARK MAMMOTH, WY US","2024-02-29",,,"0.00","0.0","8.0","32","18"
"USC00489905","YELLOWSTONE PARK MAMMOTH, WY US","2024-03-01",,,"0.20","2.7","10.0","42","27"
"USC00489905","YELLOWSTONE PARK MAMMOTH, WY US","2024-03-02",,,"0.15","2.5","11.0","36","21"
"USC00489905","YELLOWSTONE PARK MAMMOTH, WY US","2024-03-03",,,"0.39","7.9","18.0","35","7"
"USC00489905","YELLOWSTONE PARK MAMMOTH, WY US","2024-03-04",,,"0.00","0.0","16.0","30","8"
"USC00489905","YELLOWSTONE PARK MAMMOTH, WY US","2024-03-05",,,"0.01","0.4","15.0","28","9"
"USC00489905","YELLOWSTONE PARK MAMMOTH, WY US","2024-03-06",,,"0.12","1.8","16.0","29","8"
"USC00489905","YELLOWSTONE PARK MAMMOTH, WY US","2024-03-07",,,"0.00","0.0","15.0","35","6"
"USC00489905","YELLOWSTONE PARK MAMMOTH, WY US","2024-03-08",,,"0.00","0.0","15.0","36","-3"
"USC00489905","YELLOWSTONE PARK MAMMOTH, WY US","2024-03-09",,,"0.00","0.0","14.0","43","1"
"USC00489905","YELLOWSTONE PARK MAMMOTH, WY US","2024-03-10",,,"0.00","0.0","14.0","47","13"
"USC00489905","YELLOWSTONE PARK MAMMOTH, WY US","2024-03-11",,,"0.00","0.0","12.0","44","22"
"USC00489905","YELLOWSTONE PARK MAMMOTH, WY US","2024-03-12",,,"0.05","1.2","12.0","47","26"
"USC00489905","YELLOWSTONE PARK MAMMOTH, WY US","2024-03-13",,,"0.01","0.1","10.0","42","24"
"USC00489905","YELLOWSTONE PARK MAMMOTH, WY US","2024-03-14",,,"0.00","0.0","10.0","39","17"
"USC00489905","YELLOWSTONE PARK MAMMOTH, WY US","2024-03-15",,,"0.00","0.0","9.0","42","10"
"USC00489905","YELLOWSTONE PARK MAMMOTH, WY US","2024-03-16",,,"0.00","0.0","9.0","49","11"
"USC00489905","YELLOWSTONE PARK MAMMOTH, WY US","2024-03-17",,,"0.00","0.0","8.0","55","25"
"USC00489905","YELLOWSTONE PARK MAMMOTH, WY US","2024-03-18",,,"0.00","0.0","7.0","51","24"
"USC00489905","YELLOWSTONE PARK MAMMOTH, WY US","2024-03-19",,,"0.00","0.0","6.0","59","24"
"USC00489905","YELLOWSTONE PARK MAMMOTH, WY US","2024-03-20",,,"0.00","0.0","3.0","59","27"
"USC00489905","YELLOWSTONE PARK MAMMOTH, WY US","2024-03-21",,,"0.00","0.0","3.0","55","28"
"USC00489905","YELLOWSTONE PARK MAMMOTH, WY US","2024-03-22",,,"0.00","0.0","2.0","48","29"
"USC00489905","YELLOWSTONE PARK MAMMOTH, WY US","2024-03-23",,,"0.00","0.0","2.0","49","23"
"USC00489905","YELLOWSTONE PARK MAMMOTH, WY US","2024-03-24",,,"0.06","2.0","4.0","44","17"
"USC00489905","YELLOWSTONE PARK MAMMOTH, WY US","2024-03-25",,,"0.00","0.0","3.0","29","16"
"USC00489905","YELLOWSTONE PARK MAMMOTH, WY US","2024-03-26",,,"0.00","0.0","0.0","37","11"
"USC00489905","YELLOWSTONE PARK MAMMOTH, WY US","2024-03-27",,,"0.06","0.7","1.0","37","19"
"USC00489905","YELLOWSTONE PARK MAMMOTH, WY US","2024-03-28",,,"0.02","0.5","1.0","39","21"
"USC00489905","YELLOWSTONE PARK MAMMOTH, WY US","2024-03-29",,,"0.48","6.0","7.0","38","19"
"USC00489905","YELLOWSTONE PARK MAMMOTH, WY US","2024-03-30",,,"0.00","0.0","1.0","44","13"
"USC00489905","YELLOWSTONE PARK MAMMOTH, WY US","2024-03-31",,,"0.02","1.5","3.0","44","15"
"USC00489905","YELLOWSTONE PARK MAMMOTH, WY US","2024-04-01",,,"0.00","0.0","0.0","29","11"
"USC00489905","YELLOWSTONE PARK MAMMOTH, WY US","2024-04-02",,,"0.00","0.0","0.0","46","11"
"USC00489905","YELLOWSTONE PARK MAMMOTH, WY US","2024-04-03",,,"0.00","0.0","0.0","59","24"
"USC00489905","YELLOWSTONE PARK MAMMOTH, WY US","2024-04-04",,,"0.00","0.0","0.0","60","34"
"USC00489905","YELLOWSTONE PARK MAMMOTH, WY US","2024-04-05",,,"0.00","0.0","0.0","63","36"
"USC00489905","YELLOWSTONE PARK MAMMOTH, WY US","2024-04-06",,,"0.00","0.0","0.0","63","23"
"USC00489905","YELLOWSTONE PARK MAMMOTH, WY US","2024-04-07",,,"0.03","1.0","1.0","34","23"
"USC00489905","YELLOWSTONE PARK MAMMOTH, WY US","2024-04-08",,,"0.00","0.0","1.0","36","21"
"USC00489905","YELLOWSTONE PARK MAMMOTH, WY US","2024-04-09",,,"0.00","0.0","1.0","42","25"
"USC00489905","YELLOWSTONE PARK MAMMOTH, WY US","2024-04-10",,,"0.01","0.1","1.0","48","27"
"USC00489905","YELLOWSTONE PARK MAMMOTH, WY US","2024-04-11",,,"0.00","0.0","0.0","51","27"
"USC00489905","YELLOWSTONE PARK MAMMOTH, WY US","2024-04-12",,,"0.00","0.0","0.0","52","30"
"USC00489905","YELLOWSTONE PARK MAMMOTH, WY US","2024-04-13",,,"0.00","0.0","0.0","64","34"
"USC00489905","YELLOWSTONE PARK MAMMOTH, WY US","2024-04-14",,,"0.00","0.0","0.0","68","32"
"USC00489905","YELLOWSTONE PARK MAMMOTH, WY US","2024-04-15",,,"0.05","0.0","0.0","69","34"
"USC00489905","YELLOWSTONE PARK MAMMOTH, WY US","2024-04-16",,,"0.04","0.0","0.0","58","32"
"USC00489905","YELLOWSTONE PARK MAMMOTH, WY US","2024-04-17",,,"0.08","0.5","1.0","51","24"
"USC00489905","YELLOWSTONE PARK MAMMOTH, WY US","2024-04-18",,,"0.00","0.0","0.0","31","14"
"USC00489905","YELLOWSTONE PARK MAMMOTH, WY US","2024-04-19",,,"0.00","0.0","0.0","33","16"
"USC00489905","YELLOWSTONE PARK MAMMOTH, WY US","2024-04-20",,,"0.00","0.0","0.0",,
"USC00489905","YELLOWSTONE PARK MAMMOTH, WY US","2024-04-21",,,"0.00","0.0","0.0","49","15"
"USC00489905","YELLOWSTONE PARK MAMMOTH, WY US","2024-04-22",,,"0.00","0.0","0.0","61","24"
"USC00489905","YELLOWSTONE PARK MAMMOTH, WY US","2024-04-23",,,"0.00","0.0","0.0","57","25"
"USC00489905","YELLOWSTONE PARK MAMMOTH, WY US","2024-04-24",,,"0.00","0.0","0.0","60","30"
"USC00489905","YELLOWSTONE PARK MAMMOTH, WY US","2024-04-25",,,"0.07","0.0","0.0","69","36"
"USC00489905","YELLOWSTONE PARK MAMMOTH, WY US","2024-04-26",,,"0.26","0.0","0.0","55","36"
"USC00489905","YELLOWSTONE PARK MAMMOTH, WY US","2024-04-27",,,"0.04","0.0","0.0","50","31"
"USC00489905","YELLOWSTONE PARK MAMMOTH, WY US","2024-04-28",,,"0.08","0.0","0.0","48","31"
"USC00489905","YELLOWSTONE PARK MAMMOTH, WY US","2024-04-29",,,"0.13","0.0","0.0","52","33"
"USC00489905","YELLOWSTONE PARK MAMMOTH, WY US","2024-04-30",,,"0.05","0.0","0.0","52","21"
"USC00489905","YELLOWSTONE PARK MAMMOTH, WY US","2024-05-01",,,"0.02","0.1","0.0","42","22"
"USC00489905","YELLOWSTONE PARK MAMMOTH, WY US","2024-05-02",,,"0.01","0.0","0.0","39","24"
"USC00489905","YELLOWSTONE PARK MAMMOTH, WY US","2024-05-06",,,"0.00","0.0","0.0","63","24"
"USC00489905","YELLOWSTONE PARK MAMMOTH, WY US","2024-05-07",,,"0.00","0.0","0.0","47","32"
"USC00489905","YELLOWSTONE PARK MAMMOTH, WY US","2024-05-08",,,"0.33","4.7","5.0","42","28"
"USC00489905","YELLOWSTONE PARK MAMMOTH, WY US","2024-05-09",,,"0.11","0.0","0.0","40","29"
"USC00489905","YELLOWSTONE PARK MAMMOTH, WY US","2024-05-10",,,"0.00","0.0","0.0","50","29"
"USC00489905","YELLOWSTONE PARK MAMMOTH, WY US","2024-05-11",,,"0.00","0.0","0.0","64","32"
"USC00489905","YELLOWSTONE PARK MAMMOTH, WY US","2024-05-12",,,"0.00","0.0","0.0","66","34"
"USC00489905","YELLOWSTONE PARK MAMMOTH, WY US","2024-05-13",,,"0.00","0.0","0.0","73","39"
"USC00489905","YELLOWSTONE PARK MAMMOTH, WY US","2024-05-14",,,"0.00","0.0","0.0","71","32"
"USC00489905","YELLOWSTONE PARK MAMMOTH, WY US","2024-05-15",,,"0.16","0.0","0.0","51","36"
"USC00489905","YELLOWSTONE PARK MAMMOTH, WY US","2024-05-16",,,"0.00","0.0","0.0","64","38"
"USC00489905","YELLOWSTONE PARK MAMMOTH, WY US","2024-05-17",,,"0.00","0.0","0.0","67","41"
"USC00489905","YELLOWSTONE PARK MAMMOTH, WY US","2024-05-18",,,"0.00","0.0","0.0","66","28"
"USC00489905","YELLOWSTONE PARK MAMMOTH, WY US","2024-05-19",,,"0.00","0.0","0.0","60","38"
"USC00489905","YELLOWSTONE PARK MAMMOTH, WY US","2024-05-20",,,"0.01","0.0","0.0","52","31"
"USC00489905","YELLOWSTONE PARK MAMMOTH, WY US","2024-05-21",,,"0.30","0.0","0.0","47","28"
"USC00489905","YELLOWSTONE PARK MAMMOTH, WY US","2024-05-22",,,"0.00","0.0","0.0","50","36"
"USC00489905","YELLOWSTONE PARK MAMMOTH, WY US","2024-05-23",,,"0.06","0.0","0.0","50","30"
"USC00489905","YELLOWSTONE PARK MAMMOTH, WY US","2024-05-24",,,"0.13","0.0","0.0","43","28"
"USC00489905","YELLOWSTONE PARK MAMMOTH, WY US","2024-05-25",,,"0.00","0.0","0.0","58","36"
"USC00489905","YELLOWSTONE PARK MAMMOTH, WY US","2024-05-26",,,"0.00","0.0","0.0","61","37"
"USC00489905","YELLOWSTONE PARK MAMMOTH, WY US","2024-05-27",,,"0.00","0.0","0.0","61","32"
"USC00489905","YELLOWSTONE PARK MAMMOTH, WY US","2024-05-28",,,"0.00","0.0","0.0","67","37"
"USC00489905","YELLOWSTONE PARK MAMMOTH, WY US","2024-05-29",,,"0.00","0.0","0.0","75","41"
"USC00489905","YELLOWSTONE PARK MAMMOTH, WY US","2024-05-30",,,"0.10","0.0","0.0","67","31"
"USC00489905","YELLOWSTONE PARK MAMMOTH, WY US","2024-05-31",,,"0.00","0.0","0.0","52","34"
"USC00489905","YELLOWSTONE PARK MAMMOTH, WY US","2024-06-01",,,"0.00","0.0","0.0","64","35"
"USC00489905","YELLOWSTONE PARK MAMMOTH, WY US","2024-06-02",,,"0.00","0.0","0.0","73","43"
"USC00489905","YELLOWSTONE PARK MAMMOTH, WY US","2024-06-03",,,"0.00","0.0","0.0","65","49"
"USC00489905","YELLOWSTONE PARK MAMMOTH, WY US","2024-06-04",,,"0.11","0.0","0.0","59","35"
"USC00489905","YELLOWSTONE PARK MAMMOTH, WY US","2024-06-05",,,"0.00","0.0","0.0","67","47"
"USC00489905","YELLOWSTONE PARK MAMMOTH, WY US","2024-06-06",,,"0.00","0.0","0.0","78","42"
"USC00489905","YELLOWSTONE PARK MAMMOTH, WY US","2024-06-07",,,"0.00","0.0","0.0","82","50"
"USC00489905","YELLOWSTONE PARK MAMMOTH, WY US","2024-06-08",,,"0.00","0.0","0.0","83","45"
"USC00489905","YELLOWSTONE PARK MAMMOTH, WY US","2024-06-09",,,"0.00","0.0","0.0","82","45"
"USC00489905","YELLOWSTONE PARK MAMMOTH, WY US","2024-06-10",,,"0.45","0.0","0.0","79","48"
"USC00489905","YELLOWSTONE PARK MAMMOTH, WY US","2024-06-11",,,"0.00","0.0","0.0","73","44"
"USC00489905","YELLOWSTONE PARK MAMMOTH, WY US","2024-06-12",,,"0.00","0.0","0.0","72","48"
"USC00489905","YELLOWSTONE PARK MAMMOTH, WY US","2024-06-13",,,"0.00","0.0","0.0","80","40"
"USC00489905","YELLOWSTONE PARK MAMMOTH, WY US","2024-06-14",,,"0.00","0.0","0.0","82","51"
"USC00489905","YELLOWSTONE PARK MAMMOTH, WY US","2024-06-15",,,"0.00","0.0","0.0","82","46"
"USC00489905","YELLOWSTONE PARK MAMMOTH, WY US","2024-06-16",,,"0.00","0.0","0.0","72","34"
"USC00489905","YELLOWSTONE PARK MAMMOTH, WY US","2024-06-17",,,"0.00","0.0","0.0","65","43"
"USC00489905","YELLOWSTONE PARK MAMMOTH, WY US","2024-06-18",,,"0.18","0.0","0.0","53","30"
"USC00489905","YELLOWSTONE PARK MAMMOTH, WY US","2024-06-19",,,"0.00","0.0","0.0","54","28"
"USC00489905","YELLOWSTONE PARK MAMMOTH, WY US","2024-06-20",,,"0.00","0.0","0.0","68","33"
"USC00489905","YELLOWSTONE PARK MAMMOTH, WY US","2024-06-21",,,"0.00","0.0","0.0","77","42"
"USC00489905","YELLOWSTONE PARK MAMMOTH, WY US","2024-06-22",,,"0.00","0.0","0.0","82","44"
"USC00489905","YELLOWSTONE PARK MAMMOTH, WY US","2024-06-23",,,"0.00","0.0","0.0","83","49"
"USC00489905","YELLOWSTONE PARK MAMMOTH, WY US","2024-06-24",,,"0.00","0.0","0.0","89","55"
"USC00489905","YELLOWSTONE PARK MAMMOTH, WY US","2024-06-25",,,"0.00","0.0","0.0","85","46"
"USC00489905","YELLOWSTONE PARK MAMMOTH, WY US","2024-06-26",,,"0.02","0.0","0.0","81","46"
"USC00489905","YELLOWSTONE PARK MAMMOTH, WY US","2024-06-27",,,"0.14","0.0","0.0","83","48"
"USC00489905","YELLOWSTONE PARK MAMMOTH, WY US","2024-06-28",,,"0.00","0.0","0.0","75","38"
"USC00489905","YELLOWSTONE PARK MAMMOTH, WY US","2024-06-29",,,"0.00","0.0","0.0","66","35"
"USC00489905","YELLOWSTONE PARK MAMMOTH, WY US","2024-06-30",,,"0.00","0.0","0.0","82","46"
"USC00489905","YELLOWSTONE PARK MAMMOTH, WY US","2024-07-01",,,"0.00","0.0","0.0","86","50"
"USC00489905","YELLOWSTONE PARK MAMMOTH, WY US","2024-07-02",,,"0.42","0.0","0.0","68","41"
"USC00489905","YELLOWSTONE PARK MAMMOTH, WY US","2024-07-03",,,"0.00","0.0","0.0","69","44"
"USC00489905","YELLOWSTONE PARK MAMMOTH, WY US","2024-07-04",,,"0.02","0.0","0.0","67","37"
"USC00489905","YELLOWSTONE PARK MAMMOTH, WY US","2024-07-05",,,"0.00","0.0","0.0","70","37"
"USC00489905","YELLOWSTONE PARK MAMMOTH, WY US","2024-07-06",,,"0.00","0.0","0.0","77","43"
"USC00489905","YELLOWSTONE PARK MAMMOTH, WY US","2024-07-07",,,"0.00","0.0","0.0","77","42"
"USC00489905","YELLOWSTONE PARK MAMMOTH, WY US","2024-07-08",,,"0.00","0.0","0.0","76","43"
"USC00489905","YELLOWSTONE PARK MAMMOTH, WY US","2024-07-09",,,"0.00","0.0","0.0","86","46"
"USC00489905","YELLOWSTONE PARK MAMMOTH, WY US","2024-07-10",,,"0.00","0.0","0.0","89","51"
"USC00489905","YELLOWSTONE PARK MAMMOTH, WY US","2024-07-11",,,"0.00","0.0","0.0","93","52"
"USC00489905","YELLOWSTONE PARK MAMMOTH, WY US","2024-07-12",,,"0.00","0.0","0.0","93","53"
"USC00489905","YELLOWSTONE PARK MAMMOTH, WY US","2024-07-13",,,"0.00","0.0","0.0","92","48"
"USC00489905","YELLOWSTONE PARK MAMMOTH, WY US","2024-07-14",,,"0.00","0.0","0.0","93","54"
"USC00489905","YELLOWSTONE PARK MAMMOTH, WY US","2024-07-15",,,"0.06","0.0","0.0","89","54"
"USC00489905","YELLOWSTONE PARK MAMMOTH, WY US","2024-07-16",,,"0.00","0.0","0.0","83","46"
"USC00489905","YELLOWSTONE PARK MAMMOTH, WY US","2024-07-17",,,"0.00","0.0","0.0","89","52"
"USC00489905","YELLOWSTONE PARK MAMMOTH, WY US","2024-07-18",,,"0.00","0.0","0.0","90","51"
"USC00489905","YELLOWSTONE PARK MAMMOTH, WY US","2024-07-19",,,"0.44","0.0","0.0","86","49"
"USC00489905","YELLOWSTONE PARK MAMMOTH, WY US","2024-07-20",,,"0.00","0.0","0.0","82","49"
"USC00489905","YELLOWSTONE PARK MAMMOTH, WY US","2024-07-21",,,"0.00","0.0","0.0","85",
"USC00489905","YELLOWSTONE PARK MAMMOTH, WY US","2024-07-22",,,"0.00","0.0","0.0","82","47"
"USC00489905","YELLOWSTONE PARK MAMMOTH, WY US","2024-07-23",,,"0.00","0.0","0.0","91","50"
"USC00489905","YELLOWSTONE PARK MAMMOTH, WY US","2024-07-24",,,"0.00","0.0","0.0","93","52"
"USC00489905","YELLOWSTONE PARK MAMMOTH, WY US","2024-07-25",,,"0.00","0.0","0.0","93","63"
"USC00489905","YELLOWSTONE PARK MAMMOTH, WY US","2024-07-26",,,"0.02","0.0","0.0","85","57"
"USC00489905","YELLOWSTONE PARK MAMMOTH, WY US","2024-07-27",,,"0.20","0.0","0.0","80","44"
"USC00489905","YELLOWSTONE PARK MAMMOTH, WY US","2024-07-28",,,"0.34","0.0","0.0","79","45"
"USC00489905","YELLOWSTONE PARK MAMMOTH, WY US","2024-07-29",,,"0.39","0.0","0.0","76","45"
"USC00489905","YELLOWSTONE PARK MAMMOTH, WY US","2024-07-30",,,"0.00","0.0","0.0","81","49"
"USC00489905","YELLOWSTONE PARK MAMMOTH, WY US","2024-07-31",,,"0.16","0.0","0.0","75","42"
"USC00489905","YELLOWSTONE PARK MAMMOTH, WY US","2024-08-01",,,"0.00","0.0","0.0","78","46"
"USC00489905","YELLOWSTONE PARK MAMMOTH, WY US","2024-08-02",,,"0.00","0.0","0.0","90","56"
"USC00489905","YELLOWSTONE PARK MAMMOTH, WY US","2024-08-03",,,"0.00","0.0","0.0","93","52"
"USC00489905","YELLOWSTONE PARK MAMMOTH, WY US","2024-08-04",,,"0.00","0.0","0.0","96","57"
"USC00489905","YELLOWSTONE PARK MAMMOTH, WY US","2024-08-05",,,"0.20","0.0","0.0","84","46"
"USC00489905","YELLOWSTONE PARK MAMMOTH, WY US","2024-08-06",,,"0.01","0.0","0.0","86","51"
"USC00489905","YELLOWSTONE PARK MAMMOTH, WY US","2024-08-07",,,"0.00","0.0","0.0","81","50"
"USC00489905","YELLOWSTONE PARK MAMMOTH, WY US","2024-08-08",,,"0.00","0.0","0.0","74","46"
"USC00489905","YELLOWSTONE PARK MAMMOTH, WY US","2024-08-09",,,"0.00","0.0","0.0","69","41"
"USC00489905","YELLOWSTONE PARK MAMMOTH, WY US","2024-08-10",,,"0.02","0.0","0.0","75","47"
"USC00489905","YELLOWSTONE PARK MAMMOTH, WY US","2024-08-11",,,"0.22","0.0","0.0","74","42"
"USC00489905","YELLOWSTONE PARK MAMMOTH, WY US","2024-08-12",,,"0.00","0.0","0.0","77","43"
"USC00489905","YELLOWSTONE PARK MAMMOTH, WY US","2024-08-13",,,"0.09","0.0","0.0","60","42"
"USC00489905","YELLOWSTONE PARK MAMMOTH, WY US","2024-08-14",,,"0.11","0.0","0.0","66","43"
"USC00489905","YELLOWSTONE PARK MAMMOTH, WY US","2024-08-15",,,"0.03","0.0","0.0","68","38"
"USC00489905","YELLOWSTONE PARK MAMMOTH, WY US","2024-08-16",,,"0.03","0.0","0.0","79","41"
"USC00489905","YELLOWSTONE PARK MAMMOTH, WY US","2024-08-19","    3","0.00",,"0.0","0.0","88","43"
"USC00489905","YELLOWSTONE PARK MAMMOTH, WY US","2024-08-20",,,"0.00","0.0","0.0","86","51"
"USC00489905","YELLOWSTONE PARK MAMMOTH, WY US","2024-08-21",,,"0.00","0.0","0.0","85","47"
"USC00489905","YELLOWSTONE PARK MAMMOTH, WY US","2024-08-22",,,"0.00","0.0","0.0","84","42"
"USC00489905","YELLOWSTONE PARK MAMMOTH, WY US","2024-08-23",,,"0.08","0.0","0.0","88","49"
"USC00489905","YELLOWSTONE PARK MAMMOTH, WY US","2024-08-24",,,"0.05","0.0","0.0","83","46"
"USC00489905","YELLOWSTONE PARK MAMMOTH, WY US","2024-08-25",,,"0.00","0.0","0.0","79","47"
"USC00489905","YELLOWSTONE PARK MAMMOTH, WY US","2024-08-26",,,"0.00","0.0","0.0","73","42"
"USC00489905","YELLOWSTONE PARK MAMMOTH, WY US","2024-08-27",,,"0.00","0.0","0.0","73","42"
"USC00489905","YELLOWSTONE PARK MAMMOTH, WY US","2024-08-28",,,"0.00","0.0","0.0","77","46"
"USC00489905","YELLOWSTONE PARK MAMMOTH, WY US","2024-08-29",,,"0.00","0.0","0.0","70","35"
"USC00489905","YELLOWSTONE PARK MAMMOTH, WY US","2024-08-30",,,"0.00","0.0","0.0","76","31"
"USC00489905","YELLOWSTONE PARK MAMMOTH, WY US","2024-08-31",,,"0.00","0.0","0.0","85","42"
"USC00489905","YELLOWSTONE PARK MAMMOTH, WY US","2024-09-01",,,"0.00","0.0","0.0","85","43"
"USC00489905","YELLOWSTONE PARK MAMMOTH, WY US","2024-09-02",,,"0.00","0.0","0.0","89","44"
"USC00489905","YELLOWSTONE PARK MAMMOTH, WY US","2024-09-03",,,"0.00","0.0","0.0","87","52"
"USC00489905","YELLOWSTONE PARK MAMMOTH, WY US","2024-09-04",,,"0.03","0.0","0.0","79","39"
"USC00489905","YELLOWSTONE PARK MAMMOTH, WY US","2024-09-05",,,"0.00","0.0","0.0","76","42"
"USC00489905","YELLOWSTONE PARK MAMMOTH, WY US","2024-09-06",,,"0.00","0.0","0.0","82","42"
"USC00489905","YELLOWSTONE PARK MAMMOTH, WY US","2024-09-07",,,"0.00","0.0","0.0","84","44"
"USC00489905","YELLOWSTONE PARK MAMMOTH, WY US","2024-09-08",,,"0.00","0.0","0.0","87","43"
"USC00489905","YELLOWSTONE PARK MAMMOTH, WY US","2024-09-09",,,"0.00","0.0","0.0",,"45"
"USC00489905","YELLOWSTONE PARK MAMMOTH, WY US","2024-09-10",,,"0.00","0.0","0.0","83","44"
"USC00489905","YELLOWSTONE PARK MAMMOTH, WY US","2024-09-11",,,"0.00","0.0","0.0","82","42"
"USC00489905","YELLOWSTONE PARK MAMMOTH, WY US","2024-09-12",,,"0.09","0.0","0.0","75","43"
"USC00489905","YELLOWSTONE PARK MAMMOTH, WY US","2024-09-13",,,"0.04","0.0","0.0","54","39"
"USC00489905","YELLOWSTONE PARK MAMMOTH, WY US","2024-09-14",,,"0.00","0.0","0.0","60","34"
"USC00489905","YELLOWSTONE PARK MAMMOTH, WY US","2024-09-15",,,"0.00","0.0","0.0",,
"USC00489905","YELLOWSTONE PARK MAMMOTH, WY US","2024-09-16",,,"0.00","0.0","0.0","81","36"
"USC00489905","YELLOWSTONE PARK MAMMOTH, WY US","2024-09-17",,,"0.09","0.0","0.0","71","39"
"USC00489905","YELLOWSTONE PARK MAMMOTH, WY US","2024-09-18",,,"0.60","0.0","0.0","54","36"
"USC00489905","YELLOWSTONE PARK MAMMOTH, WY US","2024-09-19",,,"0.27","0.0","0.0","50","37"
"USC00489905","YELLOWSTONE PARK MAMMOTH, WY US","2024-09-20",,,"0.00","0.0","0.0","65","40"
"USC00489905","YELLOWSTONE PARK MAMMOTH, WY US","2024-09-21",,,"0.00","0.0","0.0","68","32"
"USC00489905","YELLOWSTONE PARK MAMMOTH, WY US","2024-09-22",,,"0.00","0.0","0.0","64","31"
"USC00489905","YELLOWSTONE PARK MAMMOTH, WY US","2024-09-23",,,"0.00","0.0","0.0","74","32"
"USC00489905","YELLOWSTONE PARK MAMMOTH, WY US","2024-09-24",,,"0.00","0.0","0.0","70","39"
"USC00489905","YELLOWSTONE PARK MAMMOTH, WY US","2024-09-25",,,"0.00","0.0","0.0","82","39"
"USC00489905","YELLOWSTONE PARK MAMMOTH, WY US","2024-09-26",,,"0.00","0.0","0.0","81","45"
"USC00489905","YELLOWSTONE PARK MAMMOTH, WY US","2024-09-27",,,"0.00","0.0","0.0","76","42"
"USC00489905","YELLOWSTONE PARK MAMMOTH, WY US","2024-09-28",,,"0.00","0.0","0.0","80","39"
"USC00489905","YELLOWSTONE PARK MAMMOTH, WY US","2024-09-29",,,"0.00","0.0","0.0","82","40"
"USC00489905","YELLOWSTONE PARK MAMMOTH, WY US","2024-09-30",,,"0.00","0.0","0.0","79","36"
"USC00489905","YELLOWSTONE PARK MAMMOTH, WY US","2024-10-01",,,"0.00","0.0","0.0","59","29"
"USC00489905","YELLOWSTONE PARK MAMMOTH, WY US","2024-10-02",,,"0.00","0.0","0.0","71","31"
"USC00489905","YELLOWSTONE PARK MAMMOTH, WY US","2024-10-03",,,"0.00","0.0","0.0","71","29"
"USC00489905","YELLOWSTONE PARK MAMMOTH, WY US","2024-10-04",,,"0.00","0.0","0.0","69","29"
"USC00489905","YELLOWSTONE PARK MAMMOTH, WY US","2024-10-05",,,"0.00","0.0","0.0","76","39"
"USC00489905","YELLOWSTONE PARK MAMMOTH, WY US","2024-10-06",,,"0.00","0.0","0.0","69","35"
"USC00489905","YELLOWSTONE PARK MAMMOTH, WY US","2024-10-07",,,"0.00","0.0","0.0","72","35"
"USC00489905","YELLOWSTONE PARK MAMMOTH, WY US","2024-10-08",,,"0.00","0.0","0.0","72","35"
"USC00489905","YELLOWSTONE PARK MAMMOTH, WY US","2024-10-09",,,"0.00","0.0","0.0","77","36"
"USC00489905","YELLOWSTONE PARK MAMMOTH, WY US","2024-10-10",,,"0.00","0.0","0.0","75","39"
"USC00489905","YELLOWSTONE PARK MAMMOTH, WY US","2024-10-11",,,"0.00","0.0","0.0","72","40"
"USC00489905","YELLOWSTONE PARK MAMMOTH, WY US","2024-10-12",,,"0.00","0.0","0.0","74","36"
"USC00489905","YELLOWSTONE PARK MAMMOTH, WY US","2024-10-13",,,"0.00","0.0","0.0","70","32"
"USC00489905","YELLOWSTONE PARK MAMMOTH, WY US","2024-10-14",,,"0.00","0.0","0.0","70","32"
"USC00489905","YELLOWSTONE PARK MAMMOTH, WY US","2024-10-15",,,"0.00","0.0","0.0","76","35"
"USC00489905","YELLOWSTONE PARK MAMMOTH, WY US","2024-10-16",,,"0.00","0.0","0.0","75","36"
"USC00489905","YELLOWSTONE PARK MAMMOTH, WY US","2024-10-17",,,"0.17","0.0","0.0","71","34"
"USC00489905","YELLOWSTONE PARK MAMMOTH, WY US","2024-10-18",,,"0.22","0.5","1.0","48","28"
"USC00489905","YELLOWSTONE PARK MAMMOTH, WY US","2024-10-19",,,"0.00","0.0","0.0","45","27"
"USC00489905","YELLOWSTONE PARK MAMMOTH, WY US","2024-10-20",,,"0.00","0.0","0.0","59","29"
"USC00489905","YELLOWSTONE PARK MAMMOTH, WY US","2024-10-21",,,"0.00","0.0","0.0","66","34"
"USC00489905","YELLOWSTONE PARK MAMMOTH, WY US","2024-10-22",,,"0.00","0.0","0.0","66","38"
"USC00489905","YELLOWSTONE PARK MAMMOTH, WY US","2024-10-23",,,"0.00","0.0","0.0","55","35"
"USC00489905","YELLOWSTONE PARK MAMMOTH, WY US","2024-10-24",,,"0.00","0.0","0.0","55","32"
"USC00489905","YELLOWSTONE PARK MAMMOTH, WY US","2024-10-25",,,"0.00","0.0","0.0","50","24"
"USC00489905","YELLOWSTONE PARK MAMMOTH, WY US","2024-10-26",,,"0.00","0.0","0.0","55","24"
"USC00489905","YELLOWSTONE PARK MAMMOTH, WY US","2024-10-27",,,"0.00","0.0","0.0","64","33"
"USC00489905","YELLOWSTONE PARK MAMMOTH, WY US","2024-10-28",,,"0.00","0.0","0.0","64","32"
"USC00489905","YELLOWSTONE PARK MAMMOTH, WY US","2024-10-29",,,"0.05","0.5","1.0","50","28"
"USC00489905","YELLOWSTONE PARK MAMMOTH, WY US","2024-10-30",,,"0.00","0.0","0.0","32","19"
"USC00489905","YELLOWSTONE PARK MAMMOTH, WY US","2024-10-31",,,"0.00","0.0","0.0","43","19"
"USC00489905","YELLOWSTONE PARK MAMMOTH, WY US","2024-11-01",,,"0.01","0.2","0.0","39","22"
"USC00489905","YELLOWSTONE PARK MAMMOTH, WY US","2024-11-02",,,"0.00","0.0","0.0","40","22"
"USC00489905","YELLOWSTONE PARK MAMMOTH, WY US","2024-11-03",,,"0.08","1.7","2.0","45","21"
"USC00489905","YELLOWSTONE PARK MAMMOTH, WY US","2024-11-04",,,"0.00","0.0","0.0","35","22"
"USC00489905","YELLOWSTONE PARK MAMMOTH, WY US","2024-11-05",,,"0.01","0.0","0.0","37","21"
"USC00489905","YELLOWSTONE PARK MAMMOTH, WY US","2024-11-06",,,"0.00","0.0","0.0","35","18"
"USC00489905","YELLOWSTONE PARK MAMMOTH, WY US","2024-11-07",,,"0.00","0.0","0.0","39","13"
"USC00489905","YELLOWSTONE PARK MAMMOTH, WY US","2024-11-08",,,"0.00","0.0","0.0","47","15"
"USC00489905","YELLOWSTONE PARK MAMMOTH, WY US","2024-11-09",,,"0.00","0.0","0.0","51","20"
"USC00489905","YELLOWSTONE PARK MAMMOTH, WY US","2024-11-10",,,"0.00","0.0","0.0","58","25"
"USC00489905","YELLOWSTONE PARK MAMMOTH, WY US","2024-11-11",,,,"0.0","0.0",,
"USC00489905","YELLOWSTONE PARK MAMMOTH, WY US","2024-11-12",,,"0.04","0.6","1.0","57","29"
"USC00489905","YELLOWSTONE PARK MAMMOTH, WY US","2024-11-13",,,"0.10","0.4","2.0","35","21"
"USC00489905","YELLOWSTONE PARK MAMMOTH, WY US","2024-11-14",,,"0.00","0.0","1.0","32","26"
"USC00489905","YELLOWSTONE PARK MAMMOTH, WY US","2024-11-15",,,"0.00","0.0","1.0","42","19"
"USC00489905","YELLOWSTONE PARK MAMMOTH, WY US","2024-11-16",,,"0.02","0.3","2.0","34","19"
"USC00489905","YELLOWSTONE PARK MAMMOTH, WY US","2024-11-17",,,"0.06","1.0","2.0","41","22"
"USC00489905","YELLOWSTONE PARK MAMMOTH, WY US","2024-11-18",,,"0.02","0.3","1.0","33","23"
"USC00489905","YELLOWSTONE PARK MAMMOTH, WY US","2024-11-19",,,"0.12","1.5","3.0","31","10"
"USC00489905","YELLOWSTONE PARK MAMMOTH, WY US","2024-11-20",,,"0.00","0.0","3.0","30","12"
"USC00489905","YELLOWSTONE PARK MAMMOTH, WY US","2024-11-21",,,"0.00","0.0","2.0","36","12"
"USC00489905","YELLOWSTONE PARK MAMMOTH, WY US","2024-11-22",,,"0.00","0.0","1.0","41","31"
"USC00489905","YELLOWSTONE PARK MAMMOTH, WY US","2024-11-23",,,"0.00","0.0","0.0","50","31"
"USC00489905","YELLOWSTONE PARK MAMMOTH, WY US","2024-11-24",,,"0.06","1.7","2.0","44","25"
"USC00489905","YELLOWSTONE PARK MAMMOTH, WY US","2024-11-25",,,"0.02","0.2","2.0","34","20"
"USC00489905","YELLOWSTONE PARK MAMMOTH, WY US","2024-11-26",,,"0.00","0.0","1.0","35","23"
"USC00489905","YELLOWSTONE PARK MAMMOTH, WY US","2024-11-27",,,,"1.3","2.0","36","20"
"USC00489905","YELLOWSTONE PARK MAMMOTH, WY US","2024-11-28",,,"0.00","0.0","2.0","34","18"
"USC00489905","YELLOWSTONE PARK MAMMOTH, WY US","2024-11-29",,,"0.00","0.0","1.0","29","6"
"USC00489905","YELLOWSTONE PARK MAMMOTH, WY US","2024-11-30",,,"0.00","0.0","1.0","31","16"
"USC00489905","YELLOWSTONE PARK MAMMOTH, WY US","2024-12-01",,,"0.00","0.0","1.0","30","12"
"USC00489905","YELLOWSTONE PARK MAMMOTH, WY US","2024-12-02",,,"0.00","0.0","1.0","34","12"
"USC00489905","YELLOWSTONE PARK MAMMOTH, WY US","2024-12-03",,,"0.00","0.0","1.0","47","12"
"USC00489905","YELLOWSTONE PARK MAMMOTH, WY US","2024-12-04",,,"0.00","0.0","1.0","50","19"
"USC00489905","YELLOWSTONE PARK MAMMOTH, WY US","2024-12-05",,,"0.00","0.0","0.0","48","18"
"USC00489905","YELLOWSTONE PARK MAMMOTH, WY US","2024-12-06",,,"0.00","0.0","0.0","45","17"
"USC00489905","YELLOWSTONE PARK MAMMOTH, WY US","2024-12-07",,,"0.00","0.0","0.0","45","17"
"USC00489905","YELLOWSTONE PARK MAMMOTH, WY US","2024-12-08",,,"0.10","3.4","4.0","41","23"
"USC00489905","YELLOWSTONE PARK MAMMOTH, WY US","2024-12-09",,,"0.07","1.0","4.0","35","16"
"USC00489905","YELLOWSTONE PARK MAMMOTH, WY US","2024-12-10",,,"0.00","0.0","3.0","29","15"
"USC00489905","YELLOWSTONE PARK MAMMOTH, WY US","2024-12-11",,,"0.00","0.0","3.0","25","10"
"USC00489905","YELLOWSTONE PARK MAMMOTH, WY US","2024-12-12",,,"0.00","0.0","3.0","29","18"
"USC00489905","YELLOWSTONE PARK MAMMOTH, WY US","2024-12-13",,,"0.00","0.0","3.0","33","17"
"USC00489905","YELLOWSTONE PARK MAMMOTH, WY US","2024-12-14",,,"0.00","0.0","2.0","36","18"
"USC00489905","YELLOWSTONE PARK MAMMOTH, WY US","2024-12-15",,,"0.01","0.4","2.0","38","25"
"USC00489905","YELLOWSTONE PARK MAMMOTH, WY US","2024-12-16",,,"0.10","1.8","4.0","33","15"
"USC00489905","YELLOWSTONE PARK MAMMOTH, WY US","2024-12-17",,,"0.15","0.3","4.0","28","18"
"USC00489905","YELLOWSTONE PARK MAMMOTH, WY US","2024-12-18",,,"0.03","1.6","4.0","37","20"
"USC00489905","YELLOWSTONE PARK MAMMOTH, WY US","2024-12-19",,,"0.02","0.0","4.0",,"22"
"USC00489905","YELLOWSTONE PARK MAMMOTH, WY US","2024-12-20",,,"0.00","0.0","3.0","40","21"
"USC00489905","YELLOWSTONE PARK MAMMOTH, WY US","2024-12-21",,,"0.00","0.0","3.0","46","22"
"USC00489905","YELLOWSTONE PARK MAMMOTH, WY US","2024-12-22",,,"0.02","0.4","3.0","48","22"
"USC00489905","YELLOWSTONE PARK MAMMOTH, WY US","2024-12-23",,,"0.00","0.0","3.0","39","28"
"USC00489905","YELLOWSTONE PARK MAMMOTH, WY US","2024-12-24",,,"0.00","0.0","3.0","44","27"
"USC00489905","YELLOWSTONE PARK MAMMOTH, WY US","2024-12-25",,,"0.02","0.3","3.0",,"27"
"USC00489905","YELLOWSTONE PARK MAMMOTH, WY US","2024-12-26",,,"0.02","0.8","3.0","31","23"
"USC00489905","YELLOWSTONE PARK MAMMOTH, WY US","2024-12-27",,,"0.01","0.5","3.0","33","21"
"USC00489905","YELLOWSTONE PARK MAMMOTH, WY US","2024-12-28",,,"0.00","0.1","3.0","33","23"
"USC00489905","YELLOWSTONE PARK MAMMOTH, WY US","2024-12-29",,,"0.01","0.2","3.0","36","27"
"USC00489905","YELLOWSTONE PARK MAMMOTH, WY US","2024-12-30",,,"0.07","0.5","3.0","38","25"
"USC00489905","YELLOWSTONE PARK MAMMOTH, WY US","2024-12-31",,,"0.00","0.4","3.0","37","15"
